100;Rozele;Alrich;27
101;Rebeca;Decato;28
102;Maryellen;Linskey;30
103;Kaia;Slifka;23
104;Roslyn;Evangelia;34
105;Tami;Justinn;21
106;Blake;Bevin;22
107;Cam;Shaddock;23
108;Valli;Lorain;40
109;Dawn;Ferino;38
110;Millie;Bandeen;44
111;Jaclyn;Abram;31
112;Leona;Crudden;23
113;Nataline;Nahum;31
114;Carlie;Vernier;34
115;Valera;Malina;45
116;Tina;Prober;45
117;Nikki;Jobi;25
118;Daryl;Rheingold;18
119;Jordan;Brenn;38
120;Merci;Parette;41
121;Roberta;Wenda;19
122;Deane;Zamora;23
123;Verla;Colleen;40
124;Zsa Zsa;Vernier;20
125;Mureil;Raychel;42
126;Lynea;Naor;36
127;Consuela;O'Rourke;31
128;Sharlene;Tatianas;38
129;Vevay;Timon;31
130;Nariko;Oriana;20
131;Edee;Sadowski;30
132;Wilma;Chaing;22
133;Evaleen;Newell;19
134;Mireielle;Wind;38
135;Katuscha;Kermit;27
136;Melodie;Morrill;37
137;Daphne;Sundin;19
138;Justinn;Levey;39
139;Margalo;Roscoe;25
140;Cyb;Lasley;38
141;Raquela;Stav;36
142;Nelle;Ashok;42
143;Corina;Modie;40
144;Orsola;Keily;26
145;Roberta;Croix;24
146;Layla;Bendick;27
147;Morganica;Bartlett;24
148;Sam;Ogren;31
149;Carmela;Ries;39
150;Atlanta;Eugenia;44
151;Lindie;Darrell;41
152;Bettine;Hebner;36
153;Gertrud;Secrest;37
154;Rebeca;Hirsch;31
155;Mara;Rosemary;21
156;Sue;Thilda;24
157;Anica;Billye;37
158;Therine;Westphal;42
159;Joceline;Joseph;33
160;Laurene;Grayce;24
161;Debee;Chauncey;28
162;Myrtice;Pernick;40
163;Ebonee;Valerio;38
164;Bobinette;Casimir;24
165;Lanna;Penelopa;40
166;Latisha;Meli;38
167;Robbi;Bates;39
168;Corry;Charmine;21
169;Pearline;Silvan;26
170;Dolli;Agle;34
171;Myriam;Lasley;37
172;Kathi;Jobi;45
173;Jean;Posner;28
174;Codie;Robertson;22
175;Jessy;Rona;39
176;Annecorinne;Rodmann;28
177;Korrie;Greyson;29
178;Ermengarde;Pascia;33
179;Amelia;Byrne;36
180;Goldie;Jacqui;40
181;Tonia;Medrek;44
182;Marika;Zola;25
183;Valera;Blake;43
184;Mureil;Rodmann;38
185;Sharlene;Matthew;24
186;Lusa;Merell;36
187;Ebonee;Diogenes;24
188;Queenie;Sigfrid;34
189;Fanchon;Rillings;29
190;Andeee;Judye;25
191;Jordan;Mendez;40
192;Clarice;Wittie;20
193;Helsa;Blake;29
194;Fayre;Liebermann;27
195;Arlena;Malvino;35
196;Myrtice;Nunci;23
197;Adore;Destinee;42
198;Tori;Grayce;24
199;Max;Irmine;20